time,pv,cv,sp,kp,ki,kd,sp_change,time_sec
7531000,19.0326,100.0,20,45,9.91,51.08,False,7531.0
7531500,19.277,100.0,20,45,9.91,51.08,False,7531.5
7532000,19.589,100.0,20,45,9.91,51.08,False,7532.0
7532500,19.8334,100.0,20,45,9.91,51.08,False,7532.5
7533000,20.0154,95.89079,20,45,9.91,51.08,False,7533.0
7533500,20.2754,25.94244,20,45,9.91,51.08,False,7533.5
7534000,20.5406,0.0,20,45,9.91,51.08,False,7534.0
7534500,20.7902,0.0,20,45,9.91,51.08,False,7534.5
7535000,20.967,19.03069,20,45,9.91,51.08,False,7535.0
7535500,21.1022,10.01235,20,45,9.91,51.08,False,7535.5
7536000,21.1594,28.97468,20,45,9.91,51.08,False,7536.0
7536500,21.227,9.559343,20,45,9.91,51.08,False,7536.5
7537000,21.1958,0.0,20,45,9.91,51.08,False,7537.0
7537500,21.1438,7.549614,20,45,9.91,51.08,False,7537.5
7538000,21.0294,0.0,20,45,9.91,51.08,False,7538.0
7538500,20.941,26.39868,20,45,9.91,51.08,False,7538.5
7539000,20.8838,0.0,20,45,9.91,51.08,False,7539.0
7539500,20.7694,0.0,20,45,9.91,51.08,False,7539.5
7540000,20.6342,6.319768,20,45,9.91,51.08,False,7540.0
7540500,20.5042,0.0,20,45,9.91,51.08,False,7540.5
7541000,20.3794,12.9973,20,45,9.91,51.08,False,7541.0
7541500,20.2598,10.63488,20,45,9.91,51.08,False,7541.5
7542000,20.0934,19.78811,20,45,9.91,51.08,False,7542.0
7542500,19.9842,50.06181,20,45,9.91,51.08,False,7542.5
7543000,19.849,46.4222,20,45,9.91,51.08,False,7543.0
7543500,19.7242,68.97842,20,45,9.91,51.08,False,7543.5
7544000,19.6098,36.16859,20,45,9.91,51.08,False,7544.0
7544500,19.5162,48.63195,20,45,9.91,51.08,False,7544.5
7545000,19.3862,53.99438,20,45,9.91,51.08,False,7545.0
7545500,19.2614,65.53681,20,45,9.91,51.08,False,7545.5
7546000,19.1366,100.0,20,45,9.91,51.08,False,7546.0
7546500,19.0898,89.10992,20,45,9.91,51.08,False,7546.5
7547500,19.0586,92.93552,20,45,9.91,51.08,False,7547.5
7548000,19.251,88.42063,20,45,9.91,51.08,False,7548.0
7548500,19.4538,85.18269,20,45,9.91,51.08,False,7548.5
7549000,19.6514,84.64529,20,45,9.91,51.08,False,7549.0
7549500,19.8386,60.67556,20,45,9.91,51.08,False,7549.5
7550000,20.0362,19.03238,20,45,9.91,51.08,False,7550.0
7550500,20.1454,34.44747,20,45,9.91,51.08,False,7550.5
7551000,20.213,48.30612,20,45,9.91,51.08,False,7551.0
7551500,20.3014,47.5069,20,45,9.91,51.08,False,7551.5
7552000,20.4418,5.593563,20,45,9.91,51.08,False,7552.0
7552500,20.473,44.37136,20,45,9.91,51.08,False,7552.5
7553000,20.3794,35.41399,20,45,9.91,51.08,False,7553.0
7553500,20.291,48.69758,20,45,9.91,51.08,False,7553.5
7554000,20.1922,46.86189,20,45,9.91,51.08,False,7554.0
7554500,20.0882,49.92809,20,45,9.91,51.08,False,7554.5
7555000,20.0102,73.9396,20,45,9.91,51.08,False,7555.0
7555500,19.9374,53.25303,20,45,9.91,51.08,False,7555.5
7556000,19.8542,60.69395,20,45,9.91,51.08,False,7556.0
7556500,19.7606,59.97007,20,45,9.91,51.08,False,7556.5
7557000,19.7138,77.52804,20,45,9.91,51.08,False,7557.0
7557500,19.7554,74.70175,20,45,9.91,51.08,False,7557.5
7558000,19.8022,43.36156,20,45,9.91,51.08,False,7558.0
7558500,19.8438,48.49273,20,45,9.91,51.08,False,7558.5
7559000,19.9114,45.77851,20,45,9.91,51.08,False,7559.0
7559500,19.979,43.07589,20,45,9.91,51.08,False,7559.5
7560000,20.0414,43.14595,20,45,9.91,51.08,False,7560.0
7560500,20.0726,46.52139,20,45,9.91,51.08,False,7560.5
7561000,20.1142,49.95697,20,45,9.91,51.08,False,7561.0
7561500,20.1402,51.51326,20,45,9.91,51.08,False,7561.5
7562000,20.1506,60.72572,20,45,9.91,51.08,False,7562.0
7562500,20.1714,47.85209,20,45,9.91,51.08,False,7562.5
7563000,20.187,38.26204,20,45,9.91,51.08,False,7563.0
7563500,20.1922,50.52913,20,45,9.91,51.08,False,7563.5
7564000,20.1506,47.12602,20,45,9.91,51.08,False,7564.0
7564500,20.1506,47.41338,20,45,9.91,51.08,False,7564.5
7565000,20.135,43.67599,20,45,9.91,51.08,False,7565.0
7565500,20.1142,66.53808,20,45,9.91,51.08,False,7565.5
7566000,20.057,57.46287,20,45,9.91,51.08,False,7566.0
7566500,20.0206,66.57783,20,45,9.91,51.08,False,7566.5
7567000,19.979,66.03904,20,45,9.91,51.08,False,7567.0
7567500,19.9218,63.02439,20,45,9.91,51.08,False,7567.5
7568000,19.9374,66.01154,20,45,9.91,51.08,False,7568.0
7568500,19.9426,48.01083,20,45,9.91,51.08,False,7568.5
7569000,19.9114,61.82817,20,45,9.91,51.08,False,7569.0
7569500,19.9114,60.36007,20,45,9.91,51.08,False,7569.5
7570000,19.9582,65.30128,20,45,9.91,51.08,False,7570.0
7570500,19.9686,53.52018,20,45,9.91,51.08,False,7570.5
7571000,19.9842,54.91869,20,45,9.91,51.08,False,7571.0
7571500,20.0206,45.54846,20,45,9.91,51.08,False,7571.5
7572000,20.0154,51.54765,20,45,9.91,51.08,False,7572.0
7572500,20.0466,52.1882,20,45,9.91,51.08,False,7572.5
7573000,20.0518,55.11718,20,45,9.91,51.08,False,7573.0
7573500,20.0518,43.54045,20,45,9.91,51.08,False,7573.5
7574000,20.031,45.99118,20,45,9.91,51.08,False,7574.0
7574500,20.0674,46.30552,20,45,9.91,51.08,False,7574.5
7575000,20.0414,40.3212,20,45,9.91,51.08,False,7575.0
7575500,20.0466,56.22285,20,45,9.91,51.08,False,7575.5
7576000,20.0206,57.00246,20,45,9.91,51.08,False,7576.0
7576500,20.005,46.36345,20,45,9.91,51.08,False,7576.5
7577000,20.005,52.77037,20,45,9.91,51.08,False,7577.0
7577500,19.9894,50.62999,20,45,9.91,51.08,False,7577.5
7578000,19.9686,48.59496,20,45,9.91,51.08,False,7578.0
7578500,19.9842,40.52391,20,45,9.91,51.08,False,7578.5
7579000,19.979,50.99171,20,45,9.91,51.08,False,7579.0
7579500,19.9634,57.40008,20,45,9.91,51.08,False,7579.5
7580000,20.005,56.05868,20,45,9.91,51.08,False,7580.0
7580500,19.9998,58.69522,20,45,9.91,51.08,False,7580.5
7581000,19.9894,61.33146,20,45,9.91,51.08,False,7581.0
7581500,19.9998,48.6306,20,45,9.91,51.08,False,7581.5
7582000,20.0154,50.28829,20,45,9.91,51.08,False,7582.0
7582500,19.979,59.65868,20,45,9.91,51.08,False,7582.5
7583000,19.9946,53.94955,20,45,9.91,51.08,False,7583.0
7583500,20.005,58.61107,20,45,9.91,51.08,False,7583.5
7584000,19.979,45.59051,20,45,9.91,51.08,False,7584.0
7584500,19.9842,46.3947,20,45,9.91,51.08,False,7584.5
7585000,20.0206,61.90369,20,45,9.91,51.08,False,7585.0
7585500,20.031,41.58624,20,45,9.91,51.08,False,7585.5
7586000,20.0258,73.76674,20,45,9.91,51.08,False,7586.0
7586500,20.0518,42.96421,20,45,9.91,51.08,False,7586.5
7587000,20.0206,62.73158,20,45,9.91,51.08,False,7587.0
7587500,20.0466,48.30326,20,45,9.91,51.08,False,7587.5
7588000,20.031,52.01148,20,45,9.91,51.08,False,7588.0
7588500,20.005,39.19673,20,45,9.91,51.08,False,7588.5
7589000,19.953,70.39121,20,45,9.91,51.08,False,7589.0
7589500,19.9478,61.17386,20,45,9.91,51.08,False,7589.5
7590000,19.927,56.23486,20,45,9.91,51.08,False,7590.0
7590500,19.9426,62.12764,20,45,9.91,51.08,False,7590.5
7591000,19.953,56.43019,20,45,9.91,51.08,False,7591.0
7591500,19.9894,50.12439,20,45,9.91,51.08,False,7591.5
7592000,20.0154,42.96531,20,45,9.91,51.08,False,7592.0
7592500,20.005,50.87712,20,45,9.91,51.08,False,7592.5
7593000,20.0518,46.42966,20,45,9.91,51.08,False,7593.0
7593500,20.031,57.7106,20,45,9.91,51.08,False,7593.5
7594000,20.0154,52.47425,20,45,9.91,51.08,False,7594.0
7594500,20.0206,55.21584,20,45,9.91,51.08,False,7594.5
7595000,20.0206,52.48367,20,45,9.91,51.08,False,7595.0
7595500,19.9946,47.35015,20,45,9.91,51.08,False,7595.5
7596000,19.9738,73.16942,20,45,9.91,51.08,False,7596.0
7596500,19.9998,57.08186,20,45,9.91,51.08,False,7596.5
7597000,19.9998,53.54347,20,45,9.91,51.08,False,7597.0
7597500,20.005,65.3605,20,45,9.91,51.08,False,7597.5
7598000,19.953,58.52081,20,45,9.91,51.08,False,7598.0
7598500,19.9686,64.26884,20,45,9.91,51.08,False,7598.5
7599000,19.979,45.32104,20,45,9.91,51.08,False,7599.0
7599500,20.0258,57.38349,20,45,9.91,51.08,False,7599.5
7600000,20.0466,44.10791,20,45,9.91,51.08,False,7600.0
7600500,20.057,49.69241,20,45,9.91,51.08,False,7600.5
7601000,20.0622,48.26889,20,45,9.91,51.08,False,7601.0
7601500,20.0622,50.54914,20,45,9.91,51.08,False,7601.5
7602000,20.0674,56.00078,20,45,9.91,51.08,False,7602.0
7602500,20.0778,35.83307,20,45,9.91,51.08,False,7602.5
7603000,20.0362,47.68837,20,45,9.91,51.08,False,7603.0
7603500,20.0258,68.47741,20,45,9.91,51.08,False,7603.5
7604000,19.979,69.14008,20,45,9.91,51.08,False,7604.0
7604500,19.9686,53.06784,20,45,9.91,51.08,False,7604.5
7605000,19.9738,67.41343,20,45,9.91,51.08,False,7605.0
7605500,19.9426,56.95346,20,45,9.91,51.08,False,7605.5
7606000,19.9842,62.86626,20,45,9.91,51.08,False,7606.0
7606500,19.9894,53.68027,20,45,9.91,51.08,False,7606.5
7607000,20.005,44.85302,20,45,9.91,51.08,False,7607.0
7607500,19.9946,67.26976,20,45,9.91,51.08,False,7607.5
7608000,20.0102,58.36513,20,45,9.91,51.08,False,7608.0
7608500,19.9894,58.82102,20,45,9.91,51.08,False,7608.5
7609000,20.031,52.8269,20,45,9.91,51.08,False,7609.0
7609500,20.0154,60.25735,20,45,9.91,51.08,False,7609.5
7610000,20.0362,47.18961,20,45,9.91,51.08,False,7610.0
7610500,20.0102,61.23566,20,45,9.91,51.08,False,7610.5
7611000,20.005,64.46523,20,45,9.91,51.08,False,7611.0
7611500,19.9946,61.3863,20,45,9.91,51.08,False,7611.5
7612000,19.9998,39.7175,20,45,9.91,51.08,False,7612.0
7612500,19.9946,39.27636,20,45,9.91,51.08,False,7612.5
7613000,20.0102,55.44849,20,45,9.91,51.08,False,7613.0
7613500,20.031,49.1298,20,45,9.91,51.08,False,7613.5
7614000,20.0414,51.16099,20,45,9.91,51.08,False,7614.0
7614500,20.0206,43.2468,20,45,9.91,51.08,False,7614.5
7615000,20.005,38.9733,20,45,9.91,51.08,False,7615.0
7615500,19.9998,49.98318,20,45,9.91,51.08,False,7615.5
7616000,19.9582,73.21623,20,45,9.91,51.08,False,7616.0
7616500,19.9686,46.07317,20,45,9.91,51.08,False,7616.5
7617000,19.9738,71.28822,20,45,9.91,51.08,False,7617.0
7617500,19.9582,57.76104,20,45,9.91,51.08,False,7617.5
7618000,19.979,57.69841,20,45,9.91,51.08,False,7618.0
7618500,19.953,60.71289,20,45,9.91,51.08,False,7618.5
7619000,19.9634,43.59194,20,45,9.91,51.08,False,7619.0
7619500,20.005,51.16193,20,45,9.91,51.08,False,7619.5
7620000,20.0258,39.30268,20,45,9.91,51.08,False,7620.0
7620500,20.0154,56.08485,20,45,9.91,51.08,False,7620.5
7621000,20.0362,50.18742,20,45,9.91,51.08,False,7621.0
7621500,20.031,71.76881,20,45,9.91,51.08,False,7621.5
7622000,20.0258,52.10991,20,45,9.91,51.08,False,7622.0
7622500,20.0154,57.77697,20,45,9.91,51.08,False,7622.5
7623000,20.0102,55.26269,20,45,9.91,51.08,False,7623.0
7623500,20.005,47.20826,20,45,9.91,51.08,False,7623.5
7624000,20.0102,47.17318,20,45,9.91,51.08,False,7624.0
7624500,19.9842,45.52161,20,45,9.91,51.08,False,7624.5
7625000,19.9998,68.05074,20,45,9.91,51.08,False,7625.0
7625500,19.9998,53.1524,20,45,9.91,51.08,False,7625.5
7626000,19.9946,50.76611,20,45,9.91,51.08,False,7626.0
7626500,19.9842,62.63472,20,45,9.91,51.08,False,7626.5
7627000,19.9894,43.20185,20,45,9.91,51.08,False,7627.0
7627500,19.9894,51.25047,20,45,9.91,51.08,False,7627.5
7628000,19.9998,56.3342,20,45,9.91,51.08,False,7628.0
7628500,19.9842,42.85622,20,45,9.91,51.08,False,7628.5
7629000,19.9894,43.42538,20,45,9.91,51.08,False,7629.0
7629500,19.9842,57.27125,20,45,9.91,51.08,False,7629.5
7630000,19.979,83.47432,20,45,9.91,51.08,False,7630.0
7630500,19.9842,49.44273,20,45,9.91,51.08,False,7630.5
7631000,19.9998,42.75887,20,45,9.91,51.08,False,7631.0
7631500,20.0206,67.32288,20,45,9.91,51.08,False,7631.5
7632000,20.0206,64.22644,20,45,9.91,51.08,False,7632.0
7632500,20.0258,55.78914,20,45,9.91,51.08,False,7632.5
7633000,20.0206,43.83522,20,45,9.91,51.08,False,7633.0
7633500,20.0466,57.17091,20,45,9.91,51.08,False,7633.5
7634000,20.0362,54.05314,20,45,9.91,51.08,False,7634.0
7634500,20.0362,42.02707,20,45,9.91,51.08,False,7634.5
7635000,20.0206,67.77562,20,45,9.91,51.08,False,7635.0
7635500,20.0362,46.11387,20,45,9.91,51.08,False,7635.5
7636000,19.9998,57.60724,20,45,9.91,51.08,False,7636.0
7636500,19.9998,60.49049,20,45,9.91,51.08,False,7636.5
7637000,20.0154,57.80468,20,45,9.91,51.08,False,7637.0
7637500,19.9946,57.7746,20,45,9.91,51.08,False,7637.5
7638000,19.9998,65.36638,20,45,9.91,51.08,False,7638.0
7638500,19.9998,38.4377,20,45,9.91,51.08,False,7638.5
7639000,20.0206,54.27502,20,45,9.91,51.08,False,7639.0
7639500,20.031,32.24816,20,45,9.91,51.08,False,7639.5
7640000,19.9998,54.82301,20,45,9.91,51.08,False,7640.0
7640500,20.0154,51.40952,20,45,9.91,51.08,False,7640.5
7641000,19.979,54.23851,20,45,9.91,51.08,False,7641.0
7641500,19.9894,58.06111,20,45,9.91,51.08,False,7641.5
7642000,19.979,52.59698,20,45,9.91,51.08,False,7642.0
7642500,19.9842,58.65232,20,45,9.91,51.08,False,7642.5
7643000,19.979,42.53931,20,45,9.91,51.08,False,7643.0
7643500,19.9686,62.38649,20,45,9.91,51.08,False,7643.5
7644000,19.9634,48.12082,20,45,9.91,51.08,False,7644.0
7644500,19.9582,62.76683,20,45,9.91,51.08,False,7644.5
7645000,19.979,40.5161,20,45,9.91,51.08,False,7645.0
7645500,19.9686,59.13497,20,45,9.91,51.08,False,7645.5
7646000,20.0154,43.99939,20,45,9.91,51.08,False,7646.0
7646500,19.9946,63.95448,20,45,9.91,51.08,False,7646.5
7647000,19.9946,50.2108,20,45,9.91,51.08,False,7647.0
7647500,19.9998,50.6513,20,45,9.91,51.08,False,7647.5
7648000,20.0102,55.94489,20,45,9.91,51.08,False,7648.0
7648500,19.9894,61.49444,20,45,9.91,51.08,False,7648.5
7649000,19.9738,51.22796,20,45,9.91,51.08,False,7649.0
7649500,19.9842,56.40828,20,45,9.91,51.08,False,7649.5
7650000,19.9738,65.36399,20,45,9.91,51.08,False,7650.0
7650500,19.9998,45.28807,20,45,9.91,51.08,False,7650.5
7651000,19.9894,45.81106,20,45,9.91,51.08,False,7651.0
7651500,19.9946,61.99819,20,45,9.91,51.08,False,7651.5
7652000,20.0102,55.945,20,45,9.91,51.08,False,7652.0
7652500,20.005,57.82226,20,45,9.91,51.08,False,7652.5
7653000,20.0206,52.88759,20,45,9.91,51.08,False,7653.0
7653500,20.0258,52.31777,20,45,9.91,51.08,False,7653.5
7654000,19.9998,71.65749,20,45,9.91,51.08,False,7654.0
7654500,20.0154,61.45153,20,45,9.91,51.08,False,7654.5
7655000,20.0154,69.48648,20,45,9.91,51.08,False,7655.0
7655500,19.9946,47.21084,20,45,9.91,51.08,False,7655.5
7656000,19.9894,48.24066,20,45,9.91,51.08,False,7656.0
7656500,19.9582,61.7297,20,45,9.91,51.08,False,7656.5
7657000,19.9842,34.61235,20,45,9.91,51.08,False,7657.0
7657500,19.9582,38.35194,20,45,9.91,51.08,False,7657.5
7658000,19.9738,54.72002,20,45,9.91,51.08,False,7658.0
7658500,19.9842,28.783,20,45,9.91,51.08,False,7658.5
7659000,19.9634,57.79298,20,45,9.91,51.08,False,7659.0
7659500,19.9738,65.66079,20,45,9.91,51.08,False,7659.5
7660000,19.9842,40.90143,20,45,9.91,51.08,False,7660.0
7660500,19.9946,59.50608,20,45,9.91,51.08,False,7660.5
7661000,20.0154,53.46254,20,45,9.91,51.08,False,7661.0
7661500,20.0206,47.36772,20,45,9.91,51.08,False,7661.5
7662000,20.031,64.38135,20,45,9.91,51.08,False,7662.0
7662500,20.0154,60.85189,20,45,9.91,51.08,False,7662.5
7663000,20.0258,61.43269,20,45,9.91,51.08,False,7663.0
7663500,20.057,50.71856,20,45,9.91,51.08,False,7663.5
7664000,20.0518,39.08107,20,45,9.91,51.08,False,7664.0
7664500,20.057,47.39451,20,45,9.91,51.08,False,7664.5
7665000,20.0726,51.64364,20,45,9.91,51.08,False,7665.0
7665500,20.057,51.7821,20,45,9.91,51.08,False,7665.5
7666000,20.0414,46.85894,20,45,9.91,51.08,False,7666.0
7666500,20.0154,66.3669,20,45,9.91,51.08,False,7666.5
7667000,20.005,56.29265,20,45,9.91,51.08,False,7667.0
7667500,19.979,60.65465,20,45,9.91,51.08,False,7667.5
7668000,19.9634,56.46548,20,45,9.91,51.08,False,7668.0
7668500,19.9218,60.64009,20,45,9.91,51.08,False,7668.5
7669000,19.9374,30.38732,20,45,9.91,51.08,False,7669.0
7669500,19.9686,51.38037,20,45,9.91,51.08,False,7669.5
7670000,19.9634,42.85379,20,45,9.91,51.08,False,7670.0
7670500,19.9894,53.06689,20,45,9.91,51.08,False,7670.5
7671000,20.0206,46.29068,20,45,9.91,51.08,False,7671.0
7671500,20.0414,48.32803,20,45,9.91,51.08,False,7671.5
7672000,20.005,48.98675,20,45,9.91,51.08,False,7672.0
7672500,19.9894,56.79047,20,45,9.91,51.08,False,7672.5
7673000,19.9686,58.26568,20,45,9.91,51.08,False,7673.0
7673500,19.9686,56.16706,20,45,9.91,51.08,False,7673.5
7674000,19.9478,57.60894,20,45,9.91,51.08,False,7674.0
7674500,19.9686,31.00018,20,45,9.91,51.08,False,7674.5
7675000,19.9842,61.94875,20,45,9.91,51.08,False,7675.0
7675500,19.9842,58.93843,20,45,9.91,51.08,False,7675.5
7676000,19.979,65.75824,20,45,9.91,51.08,False,7676.0
7676500,19.9738,45.65187,20,45,9.91,51.08,False,7676.5
7677000,19.9842,62.11234,20,45,9.91,51.08,False,7677.0
7677500,19.9842,61.94395,20,45,9.91,51.08,False,7677.5
7678000,20.005,48.73084,20,45,9.91,51.08,False,7678.0
7678500,19.979,46.15394,20,45,9.91,51.08,False,7678.5
7679000,19.9582,57.38379,20,45,9.91,51.08,False,7679.0
7679500,19.9582,58.28776,20,45,9.91,51.08,False,7679.5
7680000,19.9738,58.24029,20,45,9.91,51.08,False,7680.0
7680500,19.9738,63.18845,20,45,9.91,51.08,False,7680.5
7681000,20.0102,58.14932,20,45,9.91,51.08,False,7681.0
7681500,20.0466,62.79646,20,45,9.91,51.08,False,7681.5
7682000,20.0414,32.36922,20,45,9.91,51.08,False,7682.0
7682500,20.0258,59.82519,20,45,9.91,51.08,False,7682.5
7683000,20.0258,45.90954,20,45,9.91,51.08,False,7683.0
7683500,20.005,57.9975,20,45,9.91,51.08,False,7683.5
7684000,19.9946,55.84663,20,45,9.91,51.08,False,7684.0
7684500,19.9842,53.67534,20,45,9.91,51.08,False,7684.5
7685000,19.9686,57.18324,20,45,9.91,51.08,False,7685.0
7685500,19.9946,51.33027,20,45,9.91,51.08,False,7685.5
7686000,19.9946,67.8112,20,45,9.91,51.08,False,7686.0
7686500,19.9842,56.52027,20,45,9.91,51.08,False,7686.5
7687000,20.0206,49.78071,20,45,9.91,51.08,False,7687.0
7687500,19.9946,55.76444,20,45,9.91,51.08,False,7687.5
7688000,20.0102,60.80197,20,45,9.91,51.08,False,7688.0
7688500,19.9946,55.92319,20,45,9.91,51.08,False,7688.5
7689000,19.979,54.27682,20,45,9.91,51.08,False,7689.0
7689500,19.9894,56.76155,20,45,9.91,51.08,False,7689.5
7690000,19.9634,49.10641,20,45,9.91,51.08,False,7690.0
7690500,19.9946,45.34179,20,45,9.91,51.08,False,7690.5
7691000,19.9894,59.34408,20,45,9.91,51.08,False,7691.0
7691500,20.0258,62.27635,20,45,9.91,51.08,False,7691.5
7692000,20.031,60.9433,20,45,9.91,51.08,False,7692.0
7692500,20.0362,51.72834,20,45,9.91,51.08,False,7692.5
7693000,20.0414,52.05018,20,45,9.91,51.08,False,7693.0
7693500,19.9894,46.85786,20,45,9.91,51.08,False,7693.5
7694000,19.9998,50.22963,20,45,9.91,51.08,False,7694.0
7694500,20.0154,52.85809,20,45,9.91,51.08,False,7694.5
7695000,20.031,52.08501,20,45,9.91,51.08,False,7695.0
7695500,20.0154,60.36538,20,45,9.91,51.08,False,7695.5
7696000,20.005,57.93873,20,45,9.91,51.08,False,7696.0
7696500,19.9998,64.0897,20,45,9.91,51.08,False,7696.5
7697000,19.9894,44.85759,20,45,9.91,51.08,False,7697.0
7697500,20.005,49.93364,20,45,9.91,51.08,False,7697.5
7698000,20.0102,51.98856,20,45,9.91,51.08,False,7698.0
7698500,20.031,48.48927,20,45,9.91,51.08,False,7698.5
7699000,19.9998,48.86536,20,45,9.91,51.08,False,7699.0
7699500,20.0206,60.13258,20,45,9.91,51.08,False,7699.5
7700000,20.0154,57.68313,20,45,9.91,51.08,False,7700.0
7700500,20.0154,55.22892,20,45,9.91,51.08,False,7700.5
7701000,19.9998,62.90717,20,45,9.91,51.08,False,7701.0
7701500,19.9686,46.7441,20,45,9.91,51.08,False,7701.5
7702000,19.9686,51.68099,20,45,9.91,51.08,False,7702.0
7702500,19.9218,74.83351,20,45,9.91,51.08,False,7702.5
7703000,19.9322,61.16047,20,45,9.91,51.08,False,7703.0
7703500,19.927,48.46001,20,45,9.91,51.08,False,7703.5
7704000,19.927,60.46805,20,45,9.91,51.08,False,7704.0
7704500,19.927,43.31515,20,45,9.91,51.08,False,7704.5
7705000,19.9478,56.95084,20,45,9.91,51.08,False,7705.0
7705500,19.9738,58.58709,20,45,9.91,51.08,False,7705.5
7706000,19.9894,43.55225,20,45,9.91,51.08,False,7706.0
7706500,19.9946,60.27104,20,45,9.91,51.08,False,7706.5
7707000,20.0154,48.69485,20,45,9.91,51.08,False,7707.0
7707500,20.0466,50.77019,20,45,9.91,51.08,False,7707.5
7708000,20.0362,44.34254,20,45,9.91,51.08,False,7708.0
7708500,20.0622,37.9922,20,45,9.91,51.08,False,7708.5
7709000,20.0362,60.09069,20,45,9.91,51.08,False,7709.0
7709500,20.0414,43.83968,20,45,9.91,51.08,False,7709.5
7710000,20.031,52.57675,20,45,9.91,51.08,False,7710.0
7710500,20.0414,40.76961,20,45,9.91,51.08,False,7710.5
7711000,20.0258,48.54912,20,45,9.91,51.08,False,7711.0
7711500,20.005,51.76353,20,45,9.91,51.08,False,7711.5
7712000,19.9894,48.09653,20,45,9.91,51.08,False,7712.0
7712500,19.9946,44.49012,20,45,9.91,51.08,False,7712.5
7713000,20.0154,49.49692,20,45,9.91,51.08,False,7713.0
7713500,20.0102,60.51204,20,45,9.91,51.08,False,7713.5
7714000,19.979,55.90533,20,45,9.91,51.08,False,7714.0
7714500,19.9738,47.48225,20,45,9.91,51.08,False,7714.5
7715000,19.9738,47.48333,20,45,9.91,51.08,False,7715.0
7715500,20.0154,57.59547,20,45,9.91,51.08,False,7715.5
7716000,19.9894,55.87639,20,45,9.91,51.08,False,7716.0
7716500,19.9738,47.46662,20,45,9.91,51.08,False,7716.5
7717000,19.9894,50.68145,20,45,9.91,51.08,False,7717.0
7717500,19.9582,54.41334,20,45,9.91,51.08,False,7717.5
7718000,19.9478,55.6499,20,45,9.91,51.08,False,7718.0
7718500,19.9426,44.58103,20,45,9.91,51.08,False,7718.5
7719000,19.9478,53.76077,20,45,9.91,51.08,False,7719.0
7719500,19.9582,61.4614,20,45,9.91,51.08,False,7719.5
7720000,19.9478,53.99276,20,45,9.91,51.08,False,7720.0
7720500,19.9634,53.56142,20,45,9.91,51.08,False,7720.5
7721000,19.9634,64.40405,20,45,9.91,51.08,False,7721.0
7721500,19.9894,58.18843,20,45,9.91,51.08,False,7721.5
7722000,19.9842,41.38859,20,45,9.91,51.08,False,7722.0
7722500,20.0206,68.15565,20,45,9.91,51.08,False,7722.5
7723000,20.0206,54.38657,20,45,9.91,51.08,False,7723.0
7723500,20.0154,59.61932,20,45,9.91,51.08,False,7723.5
7724000,20.0362,56.12057,20,45,9.91,51.08,False,7724.0
7724500,20.031,53.30925,20,45,9.91,51.08,False,7724.5
7725000,20.0466,49.75444,20,45,9.91,51.08,False,7725.0
7725500,20.0518,51.61702,20,45,9.91,51.08,False,7725.5
7726000,20.0674,54.46758,20,45,9.91,51.08,False,7726.0
7726500,20.0414,54.71492,20,45,9.91,51.08,False,7726.5
7727000,20.005,68.99068,20,45,9.91,51.08,False,7727.0
7727500,20.031,46.18735,20,45,9.91,51.08,False,7727.5
7728000,19.979,59.39799,20,45,9.91,51.08,False,7728.0
7728500,19.979,48.42596,20,45,9.91,51.08,False,7728.5
7729000,19.9842,60.84003,20,45,9.91,51.08,False,7729.0
7729500,19.9894,64.79626,20,45,9.91,51.08,False,7729.5
7730000,19.9894,73.24609,20,45,9.91,51.08,False,7730.0
7730500,20.031,34.21242,20,45,9.91,51.08,False,7730.5
7731000,20.0258,35.38043,20,45,9.91,51.08,False,7731.0
7731500,20.0518,56.15671,20,45,9.91,51.08,False,7731.5
7732000,20.0518,58.51983,20,45,9.91,51.08,False,7732.0
7732500,20.0414,48.12087,20,45,9.91,51.08,False,7732.5
7733000,20.0414,53.44083,20,45,9.91,51.08,False,7733.0
7733500,20.0102,54.47659,20,45,9.91,51.08,False,7733.5
7734000,19.9946,55.16568,20,45,9.91,51.08,False,7734.0
7734500,19.9686,47.48473,20,45,9.91,51.08,False,7734.5
7735000,19.9842,66.84263,20,45,9.91,51.08,False,7735.0
7735500,20.0102,58.18914,20,45,9.91,51.08,False,7735.5
7736000,19.9894,52.65274,20,45,9.91,51.08,False,7736.0
7736500,19.9946,49.06969,20,45,9.91,51.08,False,7736.5
7737000,19.979,54.78872,20,45,9.91,51.08,False,7737.0
7737500,20.0102,54.27285,20,45,9.91,51.08,False,7737.5
7738000,19.9738,40.73747,20,45,9.91,51.08,False,7738.0
7738500,19.9842,58.38839,20,45,9.91,51.08,False,7738.5
7739000,19.979,58.66292,20,45,9.91,51.08,False,7739.0
7739500,19.9686,56.0906,20,45,9.91,51.08,False,7739.5
7740000,19.979,51.41837,20,45,9.91,51.08,False,7740.0
7740500,19.9738,53.99553,20,45,9.91,51.08,False,7740.5
7741000,19.9894,62.59697,20,45,9.91,51.08,False,7741.0
7741500,19.9686,65.10766,20,45,9.91,51.08,False,7741.5
7742000,19.9894,53.62141,20,45,9.91,51.08,False,7742.0
7742500,19.9894,44.78165,20,45,9.91,51.08,False,7742.5
7743000,19.9842,52.88719,20,45,9.91,51.08,False,7743.0
7743500,20.005,60.55492,20,45,9.91,51.08,False,7743.5
7744000,19.9998,41.15726,20,45,9.91,51.08,False,7744.0
7744500,20.005,55.84916,20,45,9.91,51.08,False,7744.5
7745000,20.0206,40.97123,20,45,9.91,51.08,False,7745.0
7745500,20.0206,62.38825,20,45,9.91,51.08,False,7745.5
7746000,20.0362,47.51284,20,45,9.91,51.08,False,7746.0
7746500,20.0154,53.37253,20,45,9.91,51.08,False,7746.5
7747000,20.0102,48.18811,20,45,9.91,51.08,False,7747.0
7747500,19.9998,51.93522,20,45,9.91,51.08,False,7747.5
7748000,19.9998,49.48,20,45,9.91,51.08,False,7748.0
7748500,20.005,55.28558,20,45,9.91,51.08,False,7748.5
7749000,19.9894,63.47389,20,45,9.91,51.08,False,7749.0
7749500,19.9998,67.03042,20,45,9.91,51.08,False,7749.5
7750000,19.979,50.80138,20,45,9.91,51.08,False,7750.0
7750500,19.9946,61.73712,20,45,9.91,51.08,False,7750.5
7751000,19.9894,61.12084,20,45,9.91,51.08,False,7751.0
7751500,20.005,55.37362,20,45,9.91,51.08,False,7751.5
7752000,19.9686,70.12206,20,45,9.91,51.08,False,7752.0
7752500,20.0102,55.69232,20,45,9.91,51.08,False,7752.5
7753000,19.9998,61.50089,20,45,9.91,51.08,False,7753.0
7753500,19.9946,44.14502,20,45,9.91,51.08,False,7753.5
7754000,19.9998,66.81646,20,45,9.91,51.08,False,7754.0
7754500,20.005,47.35136,20,45,9.91,51.08,False,7754.5
7755000,20.0102,49.7692,20,45,9.91,51.08,False,7755.0
7755500,20.0102,46.57347,20,45,9.91,51.08,False,7755.5
7756000,19.9998,46.80717,20,45,9.91,51.08,False,7756.0
7756500,20.005,63.08195,20,45,9.91,51.08,False,7756.5
7757000,19.9738,53.22855,20,45,9.91,51.08,False,7757.0
7757500,19.979,55.4045,20,45,9.91,51.08,False,7757.5
7758000,19.9686,64.89847,20,45,9.91,51.08,False,7758.0
7758500,19.9634,57.56375,20,45,9.91,51.08,False,7758.5
7759000,19.9634,54.93801,20,45,9.91,51.08,False,7759.0
7759500,19.9582,38.48105,20,45,9.91,51.08,False,7759.5
7760000,19.9686,49.22614,20,45,9.91,51.08,False,7760.0
7760500,20.005,34.85674,20,45,9.91,51.08,False,7760.5
7761000,20.0102,47.95658,20,45,9.91,51.08,False,7761.0
7761500,19.9842,55.8889,20,45,9.91,51.08,False,7761.5
7762000,20.0258,61.11948,20,45,9.91,51.08,False,7762.0
7762500,19.979,62.70081,20,45,9.91,51.08,False,7762.5
7763000,19.9842,45.94341,20,45,9.91,51.08,False,7763.0
7763500,19.979,59.53145,20,45,9.91,51.08,False,7763.5
7764000,19.9894,56.19566,20,45,9.91,51.08,False,7764.0
7764500,20.005,56.47679,20,45,9.91,51.08,False,7764.5
7765000,20.031,49.70358,20,45,9.91,51.08,False,7765.0
7765500,20.0206,43.30397,20,45,9.91,51.08,False,7765.5
7766000,20.0518,43.11428,20,45,9.91,51.08,False,7766.0
7766500,20.031,63.39547,20,45,9.91,51.08,False,7766.5
7767000,20.031,43.70194,20,45,9.91,51.08,False,7767.0
7767500,20.0206,46.50199,20,45,9.91,51.08,False,7767.5
7768000,20.0206,52.71455,20,45,9.91,51.08,False,7768.0
7768500,19.9998,53.4589,20,45,9.91,51.08,False,7768.5
7769000,19.979,70.42571,20,45,9.91,51.08,False,7769.0
7769500,19.9686,56.78829,20,45,9.91,51.08,False,7769.5
7770000,19.9686,60.30672,20,45,9.91,51.08,False,7770.0
7770500,19.9686,49.45037,20,45,9.91,51.08,False,7770.5
7771000,19.9738,55.91293,20,45,9.91,51.08,False,7771.0
7771500,19.9842,52.7524,20,45,9.91,51.08,False,7771.5
7772000,19.9894,66.13768,20,45,9.91,51.08,False,7772.0
7772500,19.9842,49.62788,20,45,9.91,51.08,False,7772.5
7773000,20.005,40.77248,20,45,9.91,51.08,False,7773.0
7773500,20.0258,62.70581,20,45,9.91,51.08,False,7773.5
7774000,20.0258,47.6994,20,45,9.91,51.08,False,7774.0
7774500,20.031,55.22832,20,45,9.91,51.08,False,7774.5
7775000,20.0518,48.74978,20,45,9.91,51.08,False,7775.0
7775500,20.0518,62.73366,20,45,9.91,51.08,False,7775.5
7776000,20.0622,50.66869,20,45,9.91,51.08,False,7776.0
7776500,20.0518,50.37392,20,45,9.91,51.08,False,7776.5
7777000,20.0362,53.74053,20,45,9.91,51.08,False,7777.0
7777500,20.0414,50.64514,20,45,9.91,51.08,False,7777.5
7778000,19.9894,72.01624,20,45,9.91,51.08,False,7778.0
7778500,19.9634,47.26583,20,45,9.91,51.08,False,7778.5
7779000,19.9634,61.04004,20,45,9.91,51.08,False,7779.0
7779500,19.9842,39.43914,20,45,9.91,51.08,False,7779.5
7780000,19.9686,45.33051,20,45,9.91,51.08,False,7780.0
7780500,19.9842,53.64125,20,45,9.91,51.08,False,7780.5
7781000,19.9634,40.86828,20,45,9.91,51.08,False,7781.0
